user_id,signup_feedback,sentiment_label
1001,App froze during document upload,negative
1002,The verification process is confusing,negative
1003,The instructions were unclear,negative
1004,I want an easier way to transfer money,neutral
1005,The app was very easy to use,positive
1006,I am exploring different payment apps,neutral
1007,Everything worked smoothly,positive
1008,I want an easier way to transfer money,neutral
1009,Everything worked smoothly,positive
1010,The instructions were unclear,negative
1011,App froze during document upload,negative
1012,The signup process was easy,positive
1013,The verification process is confusing,negative
1014,Everything worked smoothly,positive
1015,I had trouble linking my bank,negative
1016,The app was very easy to use,positive
1017,I want an easier way to transfer money,neutral
1018,I am trying this app for the first time,neutral
1019,The signup process was easy,positive
1020,I want an easier way to transfer money,neutral
1021,I had trouble linking my bank,negative
1022,I want an easier way to transfer money,neutral
1023,I signed up to manage my spending,neutral
1024,The app was very easy to use,positive
1025,I am exploring different payment apps,neutral
1026,I am trying this app for the first time,neutral
1027,The instructions were unclear,negative
1028,I want to send money internationally,neutral
1029,I am exploring different payment apps,neutral
1030,I signed up to manage my spending,neutral
1031,I want to send money internationally,neutral
1032,Verification was straightforward,positive
1033,Fast and simple onboarding,positive
1034,The app was very easy to use,positive
1035,I want to send money internationally,neutral
1036,Everything worked smoothly,positive
1037,Everything worked smoothly,positive
1038,I signed up to manage my spending,neutral
1039,Everything worked smoothly,positive
1040,I want to send money internationally,neutral
1041,I want to send money internationally,neutral
1042,I am trying this app for the first time,neutral
1043,Verification was straightforward,positive
1044,The signup process was easy,positive
1045,I am exploring different payment apps,neutral
1046,I want an easier way to transfer money,neutral
1047,Everything worked smoothly,positive
1048,I signed up to manage my spending,neutral
1049,Everything worked smoothly,positive
1050,I want an easier way to transfer money,neutral
1051,I am trying this app for the first time,neutral
1052,I am trying this app for the first time,neutral
1053,I want to send money internationally,neutral
1054,I am trying this app for the first time,neutral
1055,I had trouble linking my bank,negative
1056,I signed up to manage my spending,neutral
1057,The signup process was easy,positive
1058,The app was very easy to use,positive
1059,Verification was straightforward,positive
1060,I signed up to manage my spending,neutral
1061,I want an easier way to transfer money,neutral
1062,App froze during document upload,negative
1063,I signed up to manage my spending,neutral
1064,Verification was straightforward,positive
1065,I am exploring different payment apps,neutral
1066,I want to send money internationally,neutral
1067,It took too long to verify my account,negative
1068,The verification process is confusing,negative
1069,I want to send money internationally,neutral
1070,I want an easier way to transfer money,neutral
1071,I am trying this app for the first time,neutral
1072,Everything worked smoothly,positive
1073,I am trying this app for the first time,neutral
1074,Fast and simple onboarding,positive
1075,I want an easier way to transfer money,neutral
1076,The app was very easy to use,positive
1077,It took too long to verify my account,negative
1078,I am exploring different payment apps,neutral
1079,I signed up to manage my spending,neutral
1080,The instructions were unclear,negative
1081,I want an easier way to transfer money,neutral
1082,The app was very easy to use,positive
1083,I want to send money internationally,neutral
1084,The signup process was easy,positive
1085,The app was very easy to use,positive
1086,I want to send money internationally,neutral
1087,I want to send money internationally,neutral
1088,I signed up to manage my spending,neutral
1089,Verification was straightforward,positive
1090,I signed up to manage my spending,neutral
1091,The app was very easy to use,positive
1092,I am trying this app for the first time,neutral
1093,The verification process is confusing,negative
1094,I had trouble linking my bank,negative
1095,I am exploring different payment apps,neutral
1096,I signed up to manage my spending,neutral
1097,It took too long to verify my account,negative
1098,Fast and simple onboarding,positive
1099,The instructions were unclear,negative
1100,Fast and simple onboarding,positive
1101,I had trouble linking my bank,negative
1102,I want an easier way to transfer money,neutral
1103,I want an easier way to transfer money,neutral
1104,Verification was straightforward,positive
1105,I am trying this app for the first time,neutral
1106,App froze during document upload,negative
1107,The instructions were unclear,negative
1108,I signed up to manage my spending,neutral
1109,I want to send money internationally,neutral
1110,The app was very easy to use,positive
1111,I am exploring different payment apps,neutral
1112,I want an easier way to transfer money,neutral
1113,I am exploring different payment apps,neutral
1114,I signed up to manage my spending,neutral
1115,The signup process was easy,positive
1116,App froze during document upload,negative
1117,Fast and simple onboarding,positive
1118,Fast and simple onboarding,positive
1119,I signed up to manage my spending,neutral
1120,I am trying this app for the first time,neutral
1121,I signed up to manage my spending,neutral
1122,I signed up to manage my spending,neutral
1123,App froze during document upload,negative
1124,I am trying this app for the first time,neutral
1125,It took too long to verify my account,negative
1126,I had trouble linking my bank,negative
1127,Verification was straightforward,positive
1128,I want an easier way to transfer money,neutral
1129,The signup process was easy,positive
1130,Everything worked smoothly,positive
1131,I want an easier way to transfer money,neutral
1132,The instructions were unclear,negative
1133,I want to send money internationally,neutral
1134,App froze during document upload,negative
1135,Verification was straightforward,positive
1136,App froze during document upload,negative
1137,I am exploring different payment apps,neutral
1138,I am exploring different payment apps,neutral
1139,The signup process was easy,positive
1140,The instructions were unclear,negative
1141,I want an easier way to transfer money,neutral
1142,Fast and simple onboarding,positive
1143,I want an easier way to transfer money,neutral
1144,Everything worked smoothly,positive
1145,Verification was straightforward,positive
1146,I had trouble linking my bank,negative
1147,I am trying this app for the first time,neutral
1148,I want an easier way to transfer money,neutral
1149,I am exploring different payment apps,neutral
1150,I want to send money internationally,neutral
1151,Fast and simple onboarding,positive
1152,I had trouble linking my bank,negative
1153,I had trouble linking my bank,negative
1154,The signup process was easy,positive
1155,The instructions were unclear,negative
1156,The verification process is confusing,negative
1157,I am exploring different payment apps,neutral
1158,The signup process was easy,positive
1159,Everything worked smoothly,positive
1160,I want to send money internationally,neutral
1161,Verification was straightforward,positive
1162,I want an easier way to transfer money,neutral
1163,I want to send money internationally,neutral
1164,I had trouble linking my bank,negative
1165,I am trying this app for the first time,neutral
1166,Everything worked smoothly,positive
1167,I signed up to manage my spending,neutral
1168,It took too long to verify my account,negative
1169,Everything worked smoothly,positive
1170,I want an easier way to transfer money,neutral
1171,I am exploring different payment apps,neutral
1172,Fast and simple onboarding,positive
1173,I am exploring different payment apps,neutral
1174,I want an easier way to transfer money,neutral
1175,I am exploring different payment apps,neutral
1176,Verification was straightforward,positive
1177,I want an easier way to transfer money,neutral
1178,I am trying this app for the first time,neutral
1179,I signed up to manage my spending,neutral
1180,I want an easier way to transfer money,neutral
1181,I had trouble linking my bank,negative
1182,The app was very easy to use,positive
1183,I am trying this app for the first time,neutral
1184,I signed up to manage my spending,neutral
1185,I want to send money internationally,neutral
1186,It took too long to verify my account,negative
1187,I want an easier way to transfer money,neutral
1188,It took too long to verify my account,negative
1189,I signed up to manage my spending,neutral
1190,The app was very easy to use,positive
1191,The app was very easy to use,positive
1192,Everything worked smoothly,positive
1193,I want to send money internationally,neutral
1194,The signup process was easy,positive
1195,The instructions were unclear,negative
1196,I want an easier way to transfer money,neutral
1197,I had trouble linking my bank,negative
1198,I am trying this app for the first time,neutral
1199,The app was very easy to use,positive
1200,The signup process was easy,positive
1201,Everything worked smoothly,positive
1202,I want to send money internationally,neutral
1203,I want an easier way to transfer money,neutral
1204,Everything worked smoothly,positive
1205,The signup process was easy,positive
1206,I want to send money internationally,neutral
1207,Everything worked smoothly,positive
1208,I had trouble linking my bank,negative
1209,The app was very easy to use,positive
1210,Verification was straightforward,positive
1211,I am exploring different payment apps,neutral
1212,I want an easier way to transfer money,neutral
1213,I want an easier way to transfer money,neutral
1214,Fast and simple onboarding,positive
1215,The instructions were unclear,negative
1216,The instructions were unclear,negative
1217,I am exploring different payment apps,neutral
1218,The app was very easy to use,positive
1219,I am exploring different payment apps,neutral
1220,I signed up to manage my spending,neutral
1221,The app was very easy to use,positive
1222,App froze during document upload,negative
1223,Everything worked smoothly,positive
1224,I signed up to manage my spending,neutral
1225,I want to send money internationally,neutral
1226,I signed up to manage my spending,neutral
1227,I signed up to manage my spending,neutral
1228,I am exploring different payment apps,neutral
1229,I want to send money internationally,neutral
1230,I signed up to manage my spending,neutral
1231,The signup process was easy,positive
1232,I signed up to manage my spending,neutral
1233,I want to send money internationally,neutral
1234,Everything worked smoothly,positive
1235,I want an easier way to transfer money,neutral
1236,The app was very easy to use,positive
1237,The app was very easy to use,positive
1238,I had trouble linking my bank,negative
1239,I am exploring different payment apps,neutral
1240,I am exploring different payment apps,neutral
1241,I signed up to manage my spending,neutral
1242,It took too long to verify my account,negative
1243,The instructions were unclear,negative
1244,I am exploring different payment apps,neutral
1245,I want an easier way to transfer money,neutral
1246,I signed up to manage my spending,neutral
1247,I am exploring different payment apps,neutral
1248,I want an easier way to transfer money,neutral
1249,I signed up to manage my spending,neutral
1250,The signup process was easy,positive
1251,I want an easier way to transfer money,neutral
1252,I want to send money internationally,neutral
1253,Everything worked smoothly,positive
1254,The app was very easy to use,positive
1255,It took too long to verify my account,negative
1256,I signed up to manage my spending,neutral
1257,I am exploring different payment apps,neutral
1258,I am exploring different payment apps,neutral
1259,The app was very easy to use,positive
1260,App froze during document upload,negative
1261,I want to send money internationally,neutral
1262,It took too long to verify my account,negative
1263,I signed up to manage my spending,neutral
1264,The verification process is confusing,negative
1265,I signed up to manage my spending,neutral
1266,I am trying this app for the first time,neutral
1267,I am exploring different payment apps,neutral
1268,I am trying this app for the first time,neutral
1269,I signed up to manage my spending,neutral
1270,I want an easier way to transfer money,neutral
1271,It took too long to verify my account,negative
1272,Fast and simple onboarding,positive
1273,The app was very easy to use,positive
1274,I am trying this app for the first time,neutral
1275,I had trouble linking my bank,negative
1276,I want to send money internationally,neutral
1277,I am trying this app for the first time,neutral
1278,I want an easier way to transfer money,neutral
1279,I want to send money internationally,neutral
1280,I want to send money internationally,neutral
1281,The verification process is confusing,negative
1282,The verification process is confusing,negative
1283,The instructions were unclear,negative
1284,I am exploring different payment apps,neutral
1285,I had trouble linking my bank,negative
1286,I want an easier way to transfer money,neutral
1287,Fast and simple onboarding,positive
1288,I want to send money internationally,neutral
1289,I had trouble linking my bank,negative
1290,I signed up to manage my spending,neutral
1291,Fast and simple onboarding,positive
1292,App froze during document upload,negative
1293,I am trying this app for the first time,neutral
1294,Everything worked smoothly,positive
1295,The app was very easy to use,positive
1296,App froze during document upload,negative
1297,App froze during document upload,negative
1298,I am trying this app for the first time,neutral
1299,The app was very easy to use,positive
1300,I am trying this app for the first time,neutral
1301,I am trying this app for the first time,neutral
1302,I want to send money internationally,neutral
1303,The instructions were unclear,negative
1304,App froze during document upload,negative
1305,App froze during document upload,negative
1306,I am trying this app for the first time,neutral
1307,I am trying this app for the first time,neutral
1308,I want an easier way to transfer money,neutral
1309,The verification process is confusing,negative
1310,Verification was straightforward,positive
1311,The app was very easy to use,positive
1312,The verification process is confusing,negative
1313,I had trouble linking my bank,negative
1314,I am trying this app for the first time,neutral
1315,I signed up to manage my spending,neutral
1316,I am exploring different payment apps,neutral
1317,Verification was straightforward,positive
1318,It took too long to verify my account,negative
1319,I want to send money internationally,neutral
1320,Everything worked smoothly,positive
1321,I want to send money internationally,neutral
1322,I am exploring different payment apps,neutral
1323,I am trying this app for the first time,neutral
1324,I am trying this app for the first time,neutral
1325,Everything worked smoothly,positive
1326,I signed up to manage my spending,neutral
1327,I had trouble linking my bank,negative
1328,I want an easier way to transfer money,neutral
1329,I want an easier way to transfer money,neutral
1330,Verification was straightforward,positive
1331,Fast and simple onboarding,positive
1332,The verification process is confusing,negative
1333,Everything worked smoothly,positive
1334,The app was very easy to use,positive
1335,The verification process is confusing,negative
1336,Verification was straightforward,positive
1337,It took too long to verify my account,negative
1338,I am exploring different payment apps,neutral
1339,I had trouble linking my bank,negative
1340,Verification was straightforward,positive
1341,I am trying this app for the first time,neutral
1342,I want an easier way to transfer money,neutral
1343,I want to send money internationally,neutral
1344,I want an easier way to transfer money,neutral
1345,Verification was straightforward,positive
1346,Everything worked smoothly,positive
1347,Fast and simple onboarding,positive
1348,The instructions were unclear,negative
1349,Everything worked smoothly,positive
1350,App froze during document upload,negative
1351,I want an easier way to transfer money,neutral
1352,Fast and simple onboarding,positive
1353,Verification was straightforward,positive
1354,Verification was straightforward,positive
1355,I am trying this app for the first time,neutral
1356,The app was very easy to use,positive
1357,I want to send money internationally,neutral
1358,The app was very easy to use,positive
1359,Verification was straightforward,positive
1360,I want an easier way to transfer money,neutral
1361,I am exploring different payment apps,neutral
1362,Verification was straightforward,positive
1363,The signup process was easy,positive
1364,Everything worked smoothly,positive
1365,I signed up to manage my spending,neutral
1366,I am trying this app for the first time,neutral
1367,The signup process was easy,positive
1368,The signup process was easy,positive
1369,I want to send money internationally,neutral
1370,I am exploring different payment apps,neutral
1371,I am trying this app for the first time,neutral
1372,I am exploring different payment apps,neutral
1373,I am exploring different payment apps,neutral
1374,I want an easier way to transfer money,neutral
1375,App froze during document upload,negative
1376,I want an easier way to transfer money,neutral
1377,The verification process is confusing,negative
1378,Everything worked smoothly,positive
1379,Everything worked smoothly,positive
1380,Fast and simple onboarding,positive
1381,I want an easier way to transfer money,neutral
1382,The verification process is confusing,negative
1383,I want to send money internationally,neutral
1384,I am trying this app for the first time,neutral
1385,I want an easier way to transfer money,neutral
1386,Fast and simple onboarding,positive
1387,App froze during document upload,negative
1388,Fast and simple onboarding,positive
1389,I want to send money internationally,neutral
1390,The instructions were unclear,negative
1391,I want to send money internationally,neutral
1392,The signup process was easy,positive
1393,I want to send money internationally,neutral
1394,The app was very easy to use,positive
1395,The app was very easy to use,positive
1396,I signed up to manage my spending,neutral
1397,I want to send money internationally,neutral
1398,I want an easier way to transfer money,neutral
1399,App froze during document upload,negative
1400,The instructions were unclear,negative
1401,Fast and simple onboarding,positive
1402,The app was very easy to use,positive
1403,Fast and simple onboarding,positive
1404,I am exploring different payment apps,neutral
1405,I signed up to manage my spending,neutral
1406,The signup process was easy,positive
1407,I am exploring different payment apps,neutral
1408,I want to send money internationally,neutral
1409,App froze during document upload,negative
1410,The app was very easy to use,positive
1411,Verification was straightforward,positive
1412,It took too long to verify my account,negative
1413,App froze during document upload,negative
1414,App froze during document upload,negative
1415,The signup process was easy,positive
1416,It took too long to verify my account,negative
1417,I want an easier way to transfer money,neutral
1418,The app was very easy to use,positive
1419,I am exploring different payment apps,neutral
1420,I want to send money internationally,neutral
1421,Verification was straightforward,positive
1422,I want an easier way to transfer money,neutral
1423,I had trouble linking my bank,negative
1424,I want to send money internationally,neutral
1425,I want an easier way to transfer money,neutral
1426,App froze during document upload,negative
1427,I want to send money internationally,neutral
1428,Verification was straightforward,positive
1429,Everything worked smoothly,positive
1430,The instructions were unclear,negative
1431,I want to send money internationally,neutral
1432,I want an easier way to transfer money,neutral
1433,App froze during document upload,negative
1434,I want an easier way to transfer money,neutral
1435,I want to send money internationally,neutral
1436,The signup process was easy,positive
1437,Everything worked smoothly,positive
1438,I am trying this app for the first time,neutral
1439,It took too long to verify my account,negative
1440,I am trying this app for the first time,neutral
1441,Verification was straightforward,positive
1442,The signup process was easy,positive
1443,Everything worked smoothly,positive
1444,I am trying this app for the first time,neutral
1445,I signed up to manage my spending,neutral
1446,I want to send money internationally,neutral
1447,I want to send money internationally,neutral
1448,I signed up to manage my spending,neutral
1449,I am trying this app for the first time,neutral
1450,I had trouble linking my bank,negative
1451,Everything worked smoothly,positive
1452,App froze during document upload,negative
1453,I am trying this app for the first time,neutral
1454,I had trouble linking my bank,negative
1455,Verification was straightforward,positive
1456,The verification process is confusing,negative
1457,I signed up to manage my spending,neutral
1458,The verification process is confusing,negative
1459,I want an easier way to transfer money,neutral
1460,I had trouble linking my bank,negative
1461,The app was very easy to use,positive
1462,I want to send money internationally,neutral
1463,I signed up to manage my spending,neutral
1464,Everything worked smoothly,positive
1465,The verification process is confusing,negative
1466,I am trying this app for the first time,neutral
1467,I want to send money internationally,neutral
1468,Everything worked smoothly,positive
1469,I am trying this app for the first time,neutral
1470,I want an easier way to transfer money,neutral
1471,The instructions were unclear,negative
1472,App froze during document upload,negative
1473,I want to send money internationally,neutral
1474,I signed up to manage my spending,neutral
1475,Verification was straightforward,positive
1476,I want an easier way to transfer money,neutral
1477,Fast and simple onboarding,positive
1478,The app was very easy to use,positive
1479,App froze during document upload,negative
1480,I signed up to manage my spending,neutral
1481,Fast and simple onboarding,positive
1482,I am trying this app for the first time,neutral
1483,I am trying this app for the first time,neutral
1484,The instructions were unclear,negative
1485,I signed up to manage my spending,neutral
1486,I want an easier way to transfer money,neutral
1487,The verification process is confusing,negative
1488,Verification was straightforward,positive
1489,Verification was straightforward,positive
1490,I want an easier way to transfer money,neutral
1491,I signed up to manage my spending,neutral
1492,I am trying this app for the first time,neutral
1493,I am trying this app for the first time,neutral
1494,I want to send money internationally,neutral
1495,I am exploring different payment apps,neutral
1496,I am exploring different payment apps,neutral
1497,I am exploring different payment apps,neutral
1498,The app was very easy to use,positive
1499,I want an easier way to transfer money,neutral
1500,I am exploring different payment apps,neutral
1501,Fast and simple onboarding,positive
1502,App froze during document upload,negative
1503,Verification was straightforward,positive
1504,I want an easier way to transfer money,neutral
1505,I am trying this app for the first time,neutral
1506,I want to send money internationally,neutral
1507,I signed up to manage my spending,neutral
1508,I had trouble linking my bank,negative
1509,The instructions were unclear,negative
1510,I want an easier way to transfer money,neutral
1511,The app was very easy to use,positive
1512,Fast and simple onboarding,positive
1513,I want to send money internationally,neutral
1514,The signup process was easy,positive
1515,The app was very easy to use,positive
1516,I am exploring different payment apps,neutral
1517,I am trying this app for the first time,neutral
1518,I signed up to manage my spending,neutral
1519,I am exploring different payment apps,neutral
1520,App froze during document upload,negative
1521,I am trying this app for the first time,neutral
1522,I want an easier way to transfer money,neutral
1523,I signed up to manage my spending,neutral
1524,I am exploring different payment apps,neutral
1525,I signed up to manage my spending,neutral
1526,The app was very easy to use,positive
1527,Fast and simple onboarding,positive
1528,The signup process was easy,positive
1529,I signed up to manage my spending,neutral
1530,I signed up to manage my spending,neutral
1531,The app was very easy to use,positive
1532,It took too long to verify my account,negative
1533,I had trouble linking my bank,negative
1534,It took too long to verify my account,negative
1535,The signup process was easy,positive
1536,I want an easier way to transfer money,neutral
1537,The app was very easy to use,positive
1538,App froze during document upload,negative
1539,I am exploring different payment apps,neutral
1540,I am exploring different payment apps,neutral
1541,It took too long to verify my account,negative
1542,I want an easier way to transfer money,neutral
1543,I want an easier way to transfer money,neutral
1544,I am trying this app for the first time,neutral
1545,The verification process is confusing,negative
1546,I am exploring different payment apps,neutral
1547,The instructions were unclear,negative
1548,I want an easier way to transfer money,neutral
1549,App froze during document upload,negative
1550,I want an easier way to transfer money,neutral
1551,I am exploring different payment apps,neutral
1552,I am exploring different payment apps,neutral
1553,I am exploring different payment apps,neutral
1554,I am exploring different payment apps,neutral
1555,Verification was straightforward,positive
1556,I had trouble linking my bank,negative
1557,Verification was straightforward,positive
1558,I want an easier way to transfer money,neutral
1559,I am exploring different payment apps,neutral
1560,The app was very easy to use,positive
1561,Verification was straightforward,positive
1562,I am exploring different payment apps,neutral
1563,App froze during document upload,negative
1564,I am trying this app for the first time,neutral
1565,I had trouble linking my bank,negative
1566,Verification was straightforward,positive
1567,I want to send money internationally,neutral
1568,I want to send money internationally,neutral
1569,I want an easier way to transfer money,neutral
1570,Everything worked smoothly,positive
1571,I am exploring different payment apps,neutral
1572,Fast and simple onboarding,positive
1573,I want an easier way to transfer money,neutral
1574,I signed up to manage my spending,neutral
1575,Fast and simple onboarding,positive
1576,The app was very easy to use,positive
1577,Everything worked smoothly,positive
1578,I signed up to manage my spending,neutral
1579,I signed up to manage my spending,neutral
1580,I want to send money internationally,neutral
1581,I had trouble linking my bank,negative
1582,I am exploring different payment apps,neutral
1583,I signed up to manage my spending,neutral
1584,The verification process is confusing,negative
1585,I want an easier way to transfer money,neutral
1586,I signed up to manage my spending,neutral
1587,App froze during document upload,negative
1588,The instructions were unclear,negative
1589,I want to send money internationally,neutral
1590,I am trying this app for the first time,neutral
1591,I signed up to manage my spending,neutral
1592,I am exploring different payment apps,neutral
1593,I want to send money internationally,neutral
1594,I want to send money internationally,neutral
1595,Verification was straightforward,positive
1596,App froze during document upload,negative
1597,I signed up to manage my spending,neutral
1598,I want an easier way to transfer money,neutral
1599,I want an easier way to transfer money,neutral
1600,I am trying this app for the first time,neutral
1601,I want an easier way to transfer money,neutral
1602,I am exploring different payment apps,neutral
1603,I had trouble linking my bank,negative
1604,I am trying this app for the first time,neutral
1605,App froze during document upload,negative
1606,I am exploring different payment apps,neutral
1607,The verification process is confusing,negative
1608,App froze during document upload,negative
1609,I want to send money internationally,neutral
1610,I signed up to manage my spending,neutral
1611,I am exploring different payment apps,neutral
1612,I am exploring different payment apps,neutral
1613,Fast and simple onboarding,positive
1614,I am trying this app for the first time,neutral
1615,I had trouble linking my bank,negative
1616,The signup process was easy,positive
1617,I signed up to manage my spending,neutral
1618,I am trying this app for the first time,neutral
1619,I am trying this app for the first time,neutral
1620,The signup process was easy,positive
1621,Everything worked smoothly,positive
1622,I signed up to manage my spending,neutral
1623,Fast and simple onboarding,positive
1624,I am exploring different payment apps,neutral
1625,I am exploring different payment apps,neutral
1626,I want to send money internationally,neutral
1627,Verification was straightforward,positive
1628,App froze during document upload,negative
1629,I want to send money internationally,neutral
1630,The app was very easy to use,positive
1631,I am exploring different payment apps,neutral
1632,The verification process is confusing,negative
1633,I want to send money internationally,neutral
1634,I signed up to manage my spending,neutral
1635,I am trying this app for the first time,neutral
1636,I signed up to manage my spending,neutral
1637,Verification was straightforward,positive
1638,Everything worked smoothly,positive
1639,I am exploring different payment apps,neutral
1640,The signup process was easy,positive
1641,I want an easier way to transfer money,neutral
1642,The signup process was easy,positive
1643,I want to send money internationally,neutral
1644,I had trouble linking my bank,negative
1645,I signed up to manage my spending,neutral
1646,I want to send money internationally,neutral
1647,The verification process is confusing,negative
1648,The app was very easy to use,positive
1649,I had trouble linking my bank,negative
1650,The signup process was easy,positive
1651,I am trying this app for the first time,neutral
1652,Fast and simple onboarding,positive
1653,I had trouble linking my bank,negative
1654,Fast and simple onboarding,positive
1655,I am exploring different payment apps,neutral
1656,Everything worked smoothly,positive
1657,The instructions were unclear,negative
1658,I want an easier way to transfer money,neutral
1659,I am exploring different payment apps,neutral
1660,Verification was straightforward,positive
1661,I want to send money internationally,neutral
1662,It took too long to verify my account,negative
1663,I am trying this app for the first time,neutral
1664,The instructions were unclear,negative
1665,I signed up to manage my spending,neutral
1666,I am exploring different payment apps,neutral
1667,Verification was straightforward,positive
1668,Everything worked smoothly,positive
1669,The instructions were unclear,negative
1670,The signup process was easy,positive
1671,Verification was straightforward,positive
1672,I am trying this app for the first time,neutral
1673,I signed up to manage my spending,neutral
1674,I signed up to manage my spending,neutral
1675,I had trouble linking my bank,negative
1676,I signed up to manage my spending,neutral
1677,The instructions were unclear,negative
1678,The app was very easy to use,positive
1679,Everything worked smoothly,positive
1680,The instructions were unclear,negative
1681,I am trying this app for the first time,neutral
1682,Everything worked smoothly,positive
1683,I am trying this app for the first time,neutral
1684,The signup process was easy,positive
1685,I want to send money internationally,neutral
1686,I want an easier way to transfer money,neutral
1687,I signed up to manage my spending,neutral
1688,I want to send money internationally,neutral
1689,Everything worked smoothly,positive
1690,I want an easier way to transfer money,neutral
1691,I want to send money internationally,neutral
1692,The signup process was easy,positive
1693,I signed up to manage my spending,neutral
1694,It took too long to verify my account,negative
1695,App froze during document upload,negative
1696,App froze during document upload,negative
1697,I want to send money internationally,neutral
1698,I am exploring different payment apps,neutral
1699,It took too long to verify my account,negative
1700,I signed up to manage my spending,neutral
1701,I am exploring different payment apps,neutral
1702,I had trouble linking my bank,negative
1703,Verification was straightforward,positive
1704,I am trying this app for the first time,neutral
1705,I had trouble linking my bank,negative
1706,I am exploring different payment apps,neutral
1707,I am exploring different payment apps,neutral
1708,I signed up to manage my spending,neutral
1709,The instructions were unclear,negative
1710,I am trying this app for the first time,neutral
1711,I want to send money internationally,neutral
1712,I had trouble linking my bank,negative
1713,I signed up to manage my spending,neutral
1714,I am trying this app for the first time,neutral
1715,It took too long to verify my account,negative
1716,I had trouble linking my bank,negative
1717,I am exploring different payment apps,neutral
1718,I am trying this app for the first time,neutral
1719,The instructions were unclear,negative
1720,I signed up to manage my spending,neutral
1721,The verification process is confusing,negative
1722,The signup process was easy,positive
1723,I am exploring different payment apps,neutral
1724,I want to send money internationally,neutral
1725,I am exploring different payment apps,neutral
1726,I am exploring different payment apps,neutral
1727,I want an easier way to transfer money,neutral
1728,The verification process is confusing,negative
1729,Verification was straightforward,positive
1730,I want to send money internationally,neutral
1731,Verification was straightforward,positive
1732,The instructions were unclear,negative
1733,Verification was straightforward,positive
1734,I had trouble linking my bank,negative
1735,The signup process was easy,positive
1736,I want an easier way to transfer money,neutral
1737,The app was very easy to use,positive
1738,Everything worked smoothly,positive
1739,The app was very easy to use,positive
1740,I signed up to manage my spending,neutral
1741,It took too long to verify my account,negative
1742,I want an easier way to transfer money,neutral
1743,The app was very easy to use,positive
1744,It took too long to verify my account,negative
1745,I am exploring different payment apps,neutral
1746,It took too long to verify my account,negative
1747,The signup process was easy,positive
1748,Everything worked smoothly,positive
1749,I am trying this app for the first time,neutral
1750,The app was very easy to use,positive
1751,App froze during document upload,negative
1752,The app was very easy to use,positive
1753,I am trying this app for the first time,neutral
1754,I am trying this app for the first time,neutral
1755,The verification process is confusing,negative
1756,I am exploring different payment apps,neutral
1757,I had trouble linking my bank,negative
1758,I want an easier way to transfer money,neutral
1759,The verification process is confusing,negative
1760,App froze during document upload,negative
1761,I want an easier way to transfer money,neutral
1762,The verification process is confusing,negative
1763,I want to send money internationally,neutral
1764,I am exploring different payment apps,neutral
1765,I am trying this app for the first time,neutral
1766,The instructions were unclear,negative
1767,I am trying this app for the first time,neutral
1768,The app was very easy to use,positive
1769,Everything worked smoothly,positive
1770,The app was very easy to use,positive
1771,I want to send money internationally,neutral
1772,I signed up to manage my spending,neutral
1773,I want an easier way to transfer money,neutral
1774,Fast and simple onboarding,positive
1775,The app was very easy to use,positive
1776,The app was very easy to use,positive
1777,I am exploring different payment apps,neutral
1778,Verification was straightforward,positive
1779,I am trying this app for the first time,neutral
1780,I want an easier way to transfer money,neutral
1781,I am trying this app for the first time,neutral
1782,Verification was straightforward,positive
1783,Everything worked smoothly,positive
1784,I had trouble linking my bank,negative
1785,The instructions were unclear,negative
1786,I had trouble linking my bank,negative
1787,The verification process is confusing,negative
1788,Fast and simple onboarding,positive
1789,Verification was straightforward,positive
1790,I want to send money internationally,neutral
1791,I want an easier way to transfer money,neutral
1792,It took too long to verify my account,negative
1793,Verification was straightforward,positive
1794,The verification process is confusing,negative
1795,The signup process was easy,positive
1796,I had trouble linking my bank,negative
1797,The instructions were unclear,negative
1798,I am exploring different payment apps,neutral
1799,It took too long to verify my account,negative
1800,I signed up to manage my spending,neutral
1801,The signup process was easy,positive
1802,I am trying this app for the first time,neutral
1803,Verification was straightforward,positive
1804,I am exploring different payment apps,neutral
1805,I am exploring different payment apps,neutral
1806,I am exploring different payment apps,neutral
1807,I want to send money internationally,neutral
1808,It took too long to verify my account,negative
1809,The signup process was easy,positive
1810,The instructions were unclear,negative
1811,I am exploring different payment apps,neutral
1812,I signed up to manage my spending,neutral
1813,Everything worked smoothly,positive
1814,I signed up to manage my spending,neutral
1815,I am exploring different payment apps,neutral
1816,I signed up to manage my spending,neutral
1817,I am trying this app for the first time,neutral
1818,The signup process was easy,positive
1819,Fast and simple onboarding,positive
1820,Fast and simple onboarding,positive
1821,The instructions were unclear,negative
1822,I am trying this app for the first time,neutral
1823,Everything worked smoothly,positive
1824,I had trouble linking my bank,negative
1825,I signed up to manage my spending,neutral
1826,I had trouble linking my bank,negative
1827,I signed up to manage my spending,neutral
1828,The instructions were unclear,negative
1829,I am trying this app for the first time,neutral
1830,I am trying this app for the first time,neutral
1831,The app was very easy to use,positive
1832,I want an easier way to transfer money,neutral
1833,I signed up to manage my spending,neutral
1834,It took too long to verify my account,negative
1835,I am exploring different payment apps,neutral
1836,Verification was straightforward,positive
1837,I am trying this app for the first time,neutral
1838,I signed up to manage my spending,neutral
1839,Verification was straightforward,positive
1840,I am trying this app for the first time,neutral
1841,The instructions were unclear,negative
1842,The signup process was easy,positive
1843,I am trying this app for the first time,neutral
1844,App froze during document upload,negative
1845,The app was very easy to use,positive
1846,The app was very easy to use,positive
1847,Verification was straightforward,positive
1848,Everything worked smoothly,positive
1849,I am exploring different payment apps,neutral
1850,I had trouble linking my bank,negative
1851,Fast and simple onboarding,positive
1852,I want an easier way to transfer money,neutral
1853,App froze during document upload,negative
1854,It took too long to verify my account,negative
1855,The verification process is confusing,negative
1856,I signed up to manage my spending,neutral
1857,I am exploring different payment apps,neutral
1858,I am trying this app for the first time,neutral
1859,It took too long to verify my account,negative
1860,Verification was straightforward,positive
1861,The signup process was easy,positive
1862,The app was very easy to use,positive
1863,Verification was straightforward,positive
1864,Verification was straightforward,positive
1865,I am exploring different payment apps,neutral
1866,Everything worked smoothly,positive
1867,I had trouble linking my bank,negative
1868,Verification was straightforward,positive
1869,The instructions were unclear,negative
1870,The app was very easy to use,positive
1871,I signed up to manage my spending,neutral
1872,Everything worked smoothly,positive
1873,I want an easier way to transfer money,neutral
1874,I want an easier way to transfer money,neutral
1875,It took too long to verify my account,negative
1876,Verification was straightforward,positive
1877,I am exploring different payment apps,neutral
1878,Everything worked smoothly,positive
1879,The signup process was easy,positive
1880,Fast and simple onboarding,positive
1881,Verification was straightforward,positive
1882,The instructions were unclear,negative
1883,I am trying this app for the first time,neutral
1884,Verification was straightforward,positive
1885,I am exploring different payment apps,neutral
1886,I signed up to manage my spending,neutral
1887,It took too long to verify my account,negative
1888,I am trying this app for the first time,neutral
1889,App froze during document upload,negative
1890,The instructions were unclear,negative
1891,I want an easier way to transfer money,neutral
1892,I want an easier way to transfer money,neutral
1893,I am exploring different payment apps,neutral
1894,I am exploring different payment apps,neutral
1895,I signed up to manage my spending,neutral
1896,I am trying this app for the first time,neutral
1897,The signup process was easy,positive
1898,App froze during document upload,negative
1899,I want to send money internationally,neutral
1900,I am trying this app for the first time,neutral
1901,I am trying this app for the first time,neutral
1902,I want to send money internationally,neutral
1903,App froze during document upload,negative
1904,The app was very easy to use,positive
1905,I am trying this app for the first time,neutral
1906,The instructions were unclear,negative
1907,The signup process was easy,positive
1908,Verification was straightforward,positive
1909,I am trying this app for the first time,neutral
1910,The signup process was easy,positive
1911,It took too long to verify my account,negative
1912,I am exploring different payment apps,neutral
1913,I had trouble linking my bank,negative
1914,I am exploring different payment apps,neutral
1915,Verification was straightforward,positive
1916,I am exploring different payment apps,neutral
1917,The instructions were unclear,negative
1918,I signed up to manage my spending,neutral
1919,I am exploring different payment apps,neutral
1920,Everything worked smoothly,positive
1921,It took too long to verify my account,negative
1922,I want to send money internationally,neutral
1923,App froze during document upload,negative
1924,I want to send money internationally,neutral
1925,I want to send money internationally,neutral
1926,Everything worked smoothly,positive
1927,Fast and simple onboarding,positive
1928,I want to send money internationally,neutral
1929,I signed up to manage my spending,neutral
1930,I am exploring different payment apps,neutral
1931,Verification was straightforward,positive
1932,App froze during document upload,negative
1933,I want an easier way to transfer money,neutral
1934,I want to send money internationally,neutral
1935,I am exploring different payment apps,neutral
1936,Everything worked smoothly,positive
1937,I want to send money internationally,neutral
1938,I am trying this app for the first time,neutral
1939,I want to send money internationally,neutral
1940,I signed up to manage my spending,neutral
1941,App froze during document upload,negative
1942,I want an easier way to transfer money,neutral
1943,I want to send money internationally,neutral
1944,I want an easier way to transfer money,neutral
1945,I am exploring different payment apps,neutral
1946,I signed up to manage my spending,neutral
1947,The verification process is confusing,negative
1948,The app was very easy to use,positive
1949,I want an easier way to transfer money,neutral
1950,I want to send money internationally,neutral
1951,I am trying this app for the first time,neutral
1952,I am exploring different payment apps,neutral
1953,I am exploring different payment apps,neutral
1954,The signup process was easy,positive
1955,The app was very easy to use,positive
1956,Verification was straightforward,positive
1957,I had trouble linking my bank,negative
1958,It took too long to verify my account,negative
1959,Verification was straightforward,positive
1960,I am exploring different payment apps,neutral
1961,I am exploring different payment apps,neutral
1962,I signed up to manage my spending,neutral
1963,The verification process is confusing,negative
1964,I am trying this app for the first time,neutral
1965,The app was very easy to use,positive
1966,It took too long to verify my account,negative
1967,I am trying this app for the first time,neutral
1968,I want an easier way to transfer money,neutral
1969,I want to send money internationally,neutral
1970,I want an easier way to transfer money,neutral
1971,App froze during document upload,negative
1972,Everything worked smoothly,positive
1973,The app was very easy to use,positive
1974,Everything worked smoothly,positive
1975,I am exploring different payment apps,neutral
1976,App froze during document upload,negative
1977,Fast and simple onboarding,positive
1978,I am exploring different payment apps,neutral
1979,I am trying this app for the first time,neutral
1980,I had trouble linking my bank,negative
1981,The instructions were unclear,negative
1982,I signed up to manage my spending,neutral
1983,It took too long to verify my account,negative
1984,I am exploring different payment apps,neutral
1985,The app was very easy to use,positive
1986,I am exploring different payment apps,neutral
1987,I want an easier way to transfer money,neutral
1988,Fast and simple onboarding,positive
1989,I signed up to manage my spending,neutral
1990,The app was very easy to use,positive
1991,The instructions were unclear,negative
1992,I had trouble linking my bank,negative
1993,I am exploring different payment apps,neutral
1994,Everything worked smoothly,positive
1995,Verification was straightforward,positive
1996,I signed up to manage my spending,neutral
1997,I want to send money internationally,neutral
1998,I want an easier way to transfer money,neutral
1999,Verification was straightforward,positive
2000,The signup process was easy,positive
2001,Verification was straightforward,positive
2002,The instructions were unclear,negative
2003,The instructions were unclear,negative
2004,I am trying this app for the first time,neutral
2005,I am exploring different payment apps,neutral
2006,It took too long to verify my account,negative
2007,It took too long to verify my account,negative
2008,I want an easier way to transfer money,neutral
2009,I am exploring different payment apps,neutral
2010,I want to send money internationally,neutral
2011,The verification process is confusing,negative
2012,I want an easier way to transfer money,neutral
2013,I want an easier way to transfer money,neutral
2014,I signed up to manage my spending,neutral
2015,I am exploring different payment apps,neutral
2016,The verification process is confusing,negative
2017,The app was very easy to use,positive
2018,The app was very easy to use,positive
2019,The instructions were unclear,negative
2020,I signed up to manage my spending,neutral
2021,The app was very easy to use,positive
2022,I signed up to manage my spending,neutral
2023,The signup process was easy,positive
2024,I want to send money internationally,neutral
2025,I am exploring different payment apps,neutral
2026,I signed up to manage my spending,neutral
2027,I signed up to manage my spending,neutral
2028,Fast and simple onboarding,positive
2029,I am exploring different payment apps,neutral
2030,The signup process was easy,positive
2031,Fast and simple onboarding,positive
2032,I want an easier way to transfer money,neutral
2033,I am trying this app for the first time,neutral
2034,I want to send money internationally,neutral
2035,Everything worked smoothly,positive
2036,I am exploring different payment apps,neutral
2037,App froze during document upload,negative
2038,I want an easier way to transfer money,neutral
2039,I am exploring different payment apps,neutral
2040,The signup process was easy,positive
2041,Fast and simple onboarding,positive
2042,I signed up to manage my spending,neutral
2043,Fast and simple onboarding,positive
2044,I signed up to manage my spending,neutral
2045,I am exploring different payment apps,neutral
2046,I am trying this app for the first time,neutral
2047,The verification process is confusing,negative
2048,I am trying this app for the first time,neutral
2049,App froze during document upload,negative
2050,Everything worked smoothly,positive
2051,I want to send money internationally,neutral
2052,I had trouble linking my bank,negative
2053,App froze during document upload,negative
2054,I want to send money internationally,neutral
2055,I am exploring different payment apps,neutral
2056,I want an easier way to transfer money,neutral
2057,The signup process was easy,positive
2058,I am trying this app for the first time,neutral
2059,I signed up to manage my spending,neutral
2060,The app was very easy to use,positive
2061,The instructions were unclear,negative
2062,The app was very easy to use,positive
2063,App froze during document upload,negative
2064,I signed up to manage my spending,neutral
2065,App froze during document upload,negative
2066,I signed up to manage my spending,neutral
2067,I am exploring different payment apps,neutral
2068,Fast and simple onboarding,positive
2069,Verification was straightforward,positive
2070,The signup process was easy,positive
2071,I want to send money internationally,neutral
2072,I want to send money internationally,neutral
2073,The signup process was easy,positive
2074,Verification was straightforward,positive
2075,I want to send money internationally,neutral
2076,I want to send money internationally,neutral
2077,I signed up to manage my spending,neutral
2078,I am exploring different payment apps,neutral
2079,The app was very easy to use,positive
2080,I want an easier way to transfer money,neutral
2081,I signed up to manage my spending,neutral
2082,I am trying this app for the first time,neutral
2083,I am exploring different payment apps,neutral
2084,Fast and simple onboarding,positive
2085,It took too long to verify my account,negative
2086,App froze during document upload,negative
2087,I am trying this app for the first time,neutral
2088,App froze during document upload,negative
2089,I am trying this app for the first time,neutral
2090,I want an easier way to transfer money,neutral
2091,I am exploring different payment apps,neutral
2092,The instructions were unclear,negative
2093,I am exploring different payment apps,neutral
2094,I had trouble linking my bank,negative
2095,It took too long to verify my account,negative
2096,I am trying this app for the first time,neutral
2097,I am exploring different payment apps,neutral
2098,Verification was straightforward,positive
2099,The verification process is confusing,negative
2100,I am exploring different payment apps,neutral
2101,The instructions were unclear,negative
2102,I had trouble linking my bank,negative
2103,It took too long to verify my account,negative
2104,I signed up to manage my spending,neutral
2105,It took too long to verify my account,negative
2106,I want to send money internationally,neutral
2107,I am trying this app for the first time,neutral
2108,The instructions were unclear,negative
2109,I signed up to manage my spending,neutral
2110,Verification was straightforward,positive
2111,I am exploring different payment apps,neutral
2112,Verification was straightforward,positive
2113,The app was very easy to use,positive
2114,I signed up to manage my spending,neutral
2115,I am exploring different payment apps,neutral
2116,Everything worked smoothly,positive
2117,I want an easier way to transfer money,neutral
2118,App froze during document upload,negative
2119,I am trying this app for the first time,neutral
2120,I want to send money internationally,neutral
2121,I am trying this app for the first time,neutral
2122,I am trying this app for the first time,neutral
2123,Verification was straightforward,positive
2124,The signup process was easy,positive
2125,App froze during document upload,negative
2126,The instructions were unclear,negative
2127,The signup process was easy,positive
2128,I am trying this app for the first time,neutral
2129,The signup process was easy,positive
2130,The instructions were unclear,negative
2131,I am exploring different payment apps,neutral
2132,Verification was straightforward,positive
2133,I had trouble linking my bank,negative
2134,I am trying this app for the first time,neutral
2135,The verification process is confusing,negative
2136,I had trouble linking my bank,negative
2137,The app was very easy to use,positive
2138,The instructions were unclear,negative
2139,Verification was straightforward,positive
2140,It took too long to verify my account,negative
2141,App froze during document upload,negative
2142,The verification process is confusing,negative
2143,I am trying this app for the first time,neutral
2144,It took too long to verify my account,negative
2145,The signup process was easy,positive
2146,I am trying this app for the first time,neutral
2147,I want to send money internationally,neutral
2148,I am exploring different payment apps,neutral
2149,I signed up to manage my spending,neutral
2150,I am trying this app for the first time,neutral
2151,I want to send money internationally,neutral
2152,I signed up to manage my spending,neutral
2153,Fast and simple onboarding,positive
2154,I want an easier way to transfer money,neutral
2155,I am exploring different payment apps,neutral
2156,I want an easier way to transfer money,neutral
2157,The verification process is confusing,negative
2158,I want an easier way to transfer money,neutral
2159,I want an easier way to transfer money,neutral
2160,Verification was straightforward,positive
2161,I am exploring different payment apps,neutral
2162,Verification was straightforward,positive
2163,I am exploring different payment apps,neutral
2164,Verification was straightforward,positive
2165,I want to send money internationally,neutral
2166,App froze during document upload,negative
2167,I am exploring different payment apps,neutral
2168,I signed up to manage my spending,neutral
2169,Fast and simple onboarding,positive
2170,I had trouble linking my bank,negative
2171,App froze during document upload,negative
2172,I want an easier way to transfer money,neutral
2173,The verification process is confusing,negative
2174,I signed up to manage my spending,neutral
2175,App froze during document upload,negative
2176,The verification process is confusing,negative
2177,Verification was straightforward,positive
2178,I want an easier way to transfer money,neutral
2179,Everything worked smoothly,positive
2180,I am exploring different payment apps,neutral
2181,I want to send money internationally,neutral
2182,I am trying this app for the first time,neutral
2183,I am trying this app for the first time,neutral
2184,App froze during document upload,negative
2185,I want to send money internationally,neutral
2186,App froze during document upload,negative
2187,I had trouble linking my bank,negative
2188,I am exploring different payment apps,neutral
2189,The signup process was easy,positive
2190,I am trying this app for the first time,neutral
2191,I want an easier way to transfer money,neutral
2192,I want to send money internationally,neutral
2193,I am trying this app for the first time,neutral
2194,The app was very easy to use,positive
2195,Everything worked smoothly,positive
2196,I am exploring different payment apps,neutral
2197,The instructions were unclear,negative
2198,App froze during document upload,negative
2199,App froze during document upload,negative
2200,Fast and simple onboarding,positive
2201,I want to send money internationally,neutral
2202,The signup process was easy,positive
2203,Verification was straightforward,positive
2204,It took too long to verify my account,negative
2205,App froze during document upload,negative
2206,I signed up to manage my spending,neutral
2207,The app was very easy to use,positive
2208,I had trouble linking my bank,negative
2209,I am exploring different payment apps,neutral
2210,App froze during document upload,negative
2211,I am exploring different payment apps,neutral
2212,I want to send money internationally,neutral
2213,I want an easier way to transfer money,neutral
2214,I signed up to manage my spending,neutral
2215,I am trying this app for the first time,neutral
2216,I am exploring different payment apps,neutral
2217,I signed up to manage my spending,neutral
2218,App froze during document upload,negative
2219,I am exploring different payment apps,neutral
2220,The instructions were unclear,negative
2221,I signed up to manage my spending,neutral
2222,Verification was straightforward,positive
2223,The verification process is confusing,negative
2224,The verification process is confusing,negative
2225,I had trouble linking my bank,negative
2226,I am exploring different payment apps,neutral
2227,I am exploring different payment apps,neutral
2228,The app was very easy to use,positive
2229,I want to send money internationally,neutral
2230,I signed up to manage my spending,neutral
2231,I want to send money internationally,neutral
2232,I want an easier way to transfer money,neutral
2233,I want to send money internationally,neutral
2234,The signup process was easy,positive
2235,I signed up to manage my spending,neutral
2236,Verification was straightforward,positive
2237,The app was very easy to use,positive
2238,Everything worked smoothly,positive
2239,I am exploring different payment apps,neutral
2240,App froze during document upload,negative
2241,I had trouble linking my bank,negative
2242,I am trying this app for the first time,neutral
2243,The signup process was easy,positive
2244,The verification process is confusing,negative
2245,I want to send money internationally,neutral
2246,The app was very easy to use,positive
2247,Fast and simple onboarding,positive
2248,I am trying this app for the first time,neutral
2249,I had trouble linking my bank,negative
2250,I signed up to manage my spending,neutral
2251,I want an easier way to transfer money,neutral
2252,The app was very easy to use,positive
2253,The instructions were unclear,negative
2254,The app was very easy to use,positive
2255,The app was very easy to use,positive
2256,The verification process is confusing,negative
2257,I am exploring different payment apps,neutral
2258,I am trying this app for the first time,neutral
2259,The signup process was easy,positive
2260,Verification was straightforward,positive
2261,It took too long to verify my account,negative
2262,Fast and simple onboarding,positive
2263,I want an easier way to transfer money,neutral
2264,The instructions were unclear,negative
2265,It took too long to verify my account,negative
2266,Everything worked smoothly,positive
2267,The signup process was easy,positive
2268,I am exploring different payment apps,neutral
2269,The signup process was easy,positive
2270,I want to send money internationally,neutral
2271,I want an easier way to transfer money,neutral
2272,I am trying this app for the first time,neutral
2273,I want to send money internationally,neutral
2274,The signup process was easy,positive
2275,Fast and simple onboarding,positive
2276,The instructions were unclear,negative
2277,The signup process was easy,positive
2278,Fast and simple onboarding,positive
2279,I signed up to manage my spending,neutral
2280,I want an easier way to transfer money,neutral
2281,App froze during document upload,negative
2282,I signed up to manage my spending,neutral
2283,I am exploring different payment apps,neutral
2284,It took too long to verify my account,negative
2285,I want to send money internationally,neutral
2286,I had trouble linking my bank,negative
2287,I am trying this app for the first time,neutral
2288,Everything worked smoothly,positive
2289,I am exploring different payment apps,neutral
2290,I want an easier way to transfer money,neutral
2291,I want an easier way to transfer money,neutral
2292,The instructions were unclear,negative
2293,The signup process was easy,positive
2294,I had trouble linking my bank,negative
2295,Verification was straightforward,positive
2296,It took too long to verify my account,negative
2297,I want to send money internationally,neutral
2298,I want to send money internationally,neutral
2299,I am exploring different payment apps,neutral
2300,I signed up to manage my spending,neutral
2301,I signed up to manage my spending,neutral
2302,I signed up to manage my spending,neutral
2303,I am exploring different payment apps,neutral
2304,I am exploring different payment apps,neutral
2305,Everything worked smoothly,positive
2306,I signed up to manage my spending,neutral
2307,I want to send money internationally,neutral
2308,I am trying this app for the first time,neutral
2309,It took too long to verify my account,negative
2310,App froze during document upload,negative
2311,Fast and simple onboarding,positive
2312,Verification was straightforward,positive
2313,I am trying this app for the first time,neutral
2314,The instructions were unclear,negative
2315,I want an easier way to transfer money,neutral
2316,I want to send money internationally,neutral
2317,I signed up to manage my spending,neutral
2318,I am trying this app for the first time,neutral
2319,I want an easier way to transfer money,neutral
2320,I am trying this app for the first time,neutral
2321,I am exploring different payment apps,neutral
2322,I want an easier way to transfer money,neutral
2323,I am trying this app for the first time,neutral
2324,I signed up to manage my spending,neutral
2325,Everything worked smoothly,positive
2326,I signed up to manage my spending,neutral
2327,I want an easier way to transfer money,neutral
2328,The app was very easy to use,positive
2329,App froze during document upload,negative
2330,I am exploring different payment apps,neutral
2331,I want an easier way to transfer money,neutral
2332,App froze during document upload,negative
2333,I want to send money internationally,neutral
2334,I am exploring different payment apps,neutral
2335,App froze during document upload,negative
2336,I signed up to manage my spending,neutral
2337,Everything worked smoothly,positive
2338,I want to send money internationally,neutral
2339,I signed up to manage my spending,neutral
2340,The verification process is confusing,negative
2341,Verification was straightforward,positive
2342,I want to send money internationally,neutral
2343,It took too long to verify my account,negative
2344,I am exploring different payment apps,neutral
2345,Everything worked smoothly,positive
2346,App froze during document upload,negative
2347,App froze during document upload,negative
2348,Everything worked smoothly,positive
2349,I signed up to manage my spending,neutral
2350,Everything worked smoothly,positive
2351,The verification process is confusing,negative
2352,I am exploring different payment apps,neutral
2353,I want an easier way to transfer money,neutral
2354,The signup process was easy,positive
2355,The instructions were unclear,negative
2356,I had trouble linking my bank,negative
2357,I had trouble linking my bank,negative
2358,I want to send money internationally,neutral
2359,Everything worked smoothly,positive
2360,App froze during document upload,negative
2361,I want to send money internationally,neutral
2362,I signed up to manage my spending,neutral
2363,The signup process was easy,positive
2364,Verification was straightforward,positive
2365,The instructions were unclear,negative
2366,Verification was straightforward,positive
2367,I want to send money internationally,neutral
2368,App froze during document upload,negative
2369,I am trying this app for the first time,neutral
2370,I want an easier way to transfer money,neutral
2371,The app was very easy to use,positive
2372,Fast and simple onboarding,positive
2373,I am exploring different payment apps,neutral
2374,The app was very easy to use,positive
2375,Everything worked smoothly,positive
2376,The verification process is confusing,negative
2377,I want an easier way to transfer money,neutral
2378,I want to send money internationally,neutral
2379,Everything worked smoothly,positive
2380,Verification was straightforward,positive
2381,I am trying this app for the first time,neutral
2382,The app was very easy to use,positive
2383,I signed up to manage my spending,neutral
2384,I want an easier way to transfer money,neutral
2385,I am trying this app for the first time,neutral
2386,I am trying this app for the first time,neutral
2387,I want an easier way to transfer money,neutral
2388,The signup process was easy,positive
2389,I am trying this app for the first time,neutral
2390,I am trying this app for the first time,neutral
2391,I want to send money internationally,neutral
2392,Fast and simple onboarding,positive
2393,I am trying this app for the first time,neutral
2394,The instructions were unclear,negative
2395,The verification process is confusing,negative
2396,I want to send money internationally,neutral
2397,The verification process is confusing,negative
2398,Fast and simple onboarding,positive
2399,It took too long to verify my account,negative
2400,The instructions were unclear,negative
2401,I signed up to manage my spending,neutral
2402,Everything worked smoothly,positive
2403,Fast and simple onboarding,positive
2404,The verification process is confusing,negative
2405,Everything worked smoothly,positive
2406,I want an easier way to transfer money,neutral
2407,The app was very easy to use,positive
2408,App froze during document upload,negative
2409,I signed up to manage my spending,neutral
2410,It took too long to verify my account,negative
2411,I want to send money internationally,neutral
2412,Fast and simple onboarding,positive
2413,I want to send money internationally,neutral
2414,Verification was straightforward,positive
2415,The verification process is confusing,negative
2416,I am trying this app for the first time,neutral
2417,The instructions were unclear,negative
2418,App froze during document upload,negative
2419,The signup process was easy,positive
2420,I am exploring different payment apps,neutral
2421,Fast and simple onboarding,positive
2422,I am trying this app for the first time,neutral
2423,I want to send money internationally,neutral
2424,Everything worked smoothly,positive
2425,Verification was straightforward,positive
2426,It took too long to verify my account,negative
2427,I signed up to manage my spending,neutral
2428,I am exploring different payment apps,neutral
2429,I am trying this app for the first time,neutral
2430,I am exploring different payment apps,neutral
2431,I signed up to manage my spending,neutral
2432,Verification was straightforward,positive
2433,The app was very easy to use,positive
2434,I want an easier way to transfer money,neutral
2435,Everything worked smoothly,positive
2436,I want to send money internationally,neutral
2437,App froze during document upload,negative
2438,Everything worked smoothly,positive
2439,The instructions were unclear,negative
2440,I am trying this app for the first time,neutral
2441,I am exploring different payment apps,neutral
2442,I had trouble linking my bank,negative
2443,I am trying this app for the first time,neutral
2444,The signup process was easy,positive
2445,I had trouble linking my bank,negative
2446,I signed up to manage my spending,neutral
2447,The instructions were unclear,negative
2448,I want to send money internationally,neutral
2449,The signup process was easy,positive
2450,I want an easier way to transfer money,neutral
2451,Verification was straightforward,positive
2452,The app was very easy to use,positive
2453,It took too long to verify my account,negative
2454,Verification was straightforward,positive
2455,I am trying this app for the first time,neutral
2456,I want to send money internationally,neutral
2457,I signed up to manage my spending,neutral
2458,The verification process is confusing,negative
2459,I am exploring different payment apps,neutral
2460,I signed up to manage my spending,neutral
2461,Fast and simple onboarding,positive
2462,I am exploring different payment apps,neutral
2463,I signed up to manage my spending,neutral
2464,I want an easier way to transfer money,neutral
2465,I had trouble linking my bank,negative
2466,I want an easier way to transfer money,neutral
2467,I had trouble linking my bank,negative
2468,The verification process is confusing,negative
2469,App froze during document upload,negative
2470,I signed up to manage my spending,neutral
2471,The signup process was easy,positive
2472,I signed up to manage my spending,neutral
2473,The signup process was easy,positive
2474,It took too long to verify my account,negative
2475,Everything worked smoothly,positive
2476,I want to send money internationally,neutral
2477,The instructions were unclear,negative
2478,I signed up to manage my spending,neutral
2479,The instructions were unclear,negative
2480,I signed up to manage my spending,neutral
2481,I signed up to manage my spending,neutral
2482,Verification was straightforward,positive
2483,I signed up to manage my spending,neutral
2484,I signed up to manage my spending,neutral
2485,The signup process was easy,positive
2486,I want to send money internationally,neutral
2487,It took too long to verify my account,negative
2488,I am trying this app for the first time,neutral
2489,I am exploring different payment apps,neutral
2490,The verification process is confusing,negative
2491,I signed up to manage my spending,neutral
2492,App froze during document upload,negative
2493,Everything worked smoothly,positive
2494,The app was very easy to use,positive
2495,App froze during document upload,negative
2496,I am trying this app for the first time,neutral
2497,I signed up to manage my spending,neutral
2498,I had trouble linking my bank,negative
2499,I signed up to manage my spending,neutral
2500,App froze during document upload,negative
2501,Verification was straightforward,positive
2502,I want to send money internationally,neutral
2503,I had trouble linking my bank,negative
2504,I want to send money internationally,neutral
2505,Fast and simple onboarding,positive
2506,I signed up to manage my spending,neutral
2507,I want an easier way to transfer money,neutral
2508,Everything worked smoothly,positive
2509,I want an easier way to transfer money,neutral
2510,I had trouble linking my bank,negative
2511,I had trouble linking my bank,negative
2512,I want to send money internationally,neutral
2513,I want to send money internationally,neutral
2514,Fast and simple onboarding,positive
2515,I want an easier way to transfer money,neutral
2516,Everything worked smoothly,positive
2517,Fast and simple onboarding,positive
2518,Verification was straightforward,positive
2519,The app was very easy to use,positive
2520,Fast and simple onboarding,positive
2521,I am trying this app for the first time,neutral
2522,Fast and simple onboarding,positive
2523,I signed up to manage my spending,neutral
2524,Fast and simple onboarding,positive
2525,I am exploring different payment apps,neutral
2526,It took too long to verify my account,negative
2527,I am trying this app for the first time,neutral
2528,I am trying this app for the first time,neutral
2529,I am exploring different payment apps,neutral
2530,I am trying this app for the first time,neutral
2531,I am trying this app for the first time,neutral
2532,I want to send money internationally,neutral
2533,I want to send money internationally,neutral
2534,I am exploring different payment apps,neutral
2535,I am exploring different payment apps,neutral
2536,App froze during document upload,negative
2537,I am exploring different payment apps,neutral
2538,It took too long to verify my account,negative
2539,Verification was straightforward,positive
2540,Verification was straightforward,positive
2541,I am trying this app for the first time,neutral
2542,The signup process was easy,positive
2543,I want to send money internationally,neutral
2544,I want an easier way to transfer money,neutral
2545,I signed up to manage my spending,neutral
2546,Verification was straightforward,positive
2547,I am exploring different payment apps,neutral
2548,I am exploring different payment apps,neutral
2549,The signup process was easy,positive
2550,The signup process was easy,positive
2551,I want to send money internationally,neutral
2552,I am trying this app for the first time,neutral
2553,Everything worked smoothly,positive
2554,App froze during document upload,negative
2555,I am trying this app for the first time,neutral
2556,I am trying this app for the first time,neutral
2557,I had trouble linking my bank,negative
2558,I signed up to manage my spending,neutral
2559,I am exploring different payment apps,neutral
2560,I am trying this app for the first time,neutral
2561,I had trouble linking my bank,negative
2562,The signup process was easy,positive
2563,I am exploring different payment apps,neutral
2564,I am trying this app for the first time,neutral
2565,The app was very easy to use,positive
2566,The verification process is confusing,negative
2567,The instructions were unclear,negative
2568,I am exploring different payment apps,neutral
2569,I want an easier way to transfer money,neutral
2570,Fast and simple onboarding,positive
2571,The signup process was easy,positive
2572,It took too long to verify my account,negative
2573,Everything worked smoothly,positive
2574,I want to send money internationally,neutral
2575,Everything worked smoothly,positive
2576,I want an easier way to transfer money,neutral
2577,It took too long to verify my account,negative
2578,I want to send money internationally,neutral
2579,The app was very easy to use,positive
2580,I am exploring different payment apps,neutral
2581,I am exploring different payment apps,neutral
2582,I want an easier way to transfer money,neutral
2583,I want an easier way to transfer money,neutral
2584,The instructions were unclear,negative
2585,It took too long to verify my account,negative
2586,I want to send money internationally,neutral
2587,I want to send money internationally,neutral
2588,Verification was straightforward,positive
2589,I signed up to manage my spending,neutral
2590,App froze during document upload,negative
2591,I want to send money internationally,neutral
2592,I am trying this app for the first time,neutral
2593,I want to send money internationally,neutral
2594,The verification process is confusing,negative
2595,I signed up to manage my spending,neutral
2596,I want to send money internationally,neutral
2597,I signed up to manage my spending,neutral
2598,I want an easier way to transfer money,neutral
2599,I signed up to manage my spending,neutral
2600,The instructions were unclear,negative
2601,The instructions were unclear,negative
2602,The instructions were unclear,negative
2603,It took too long to verify my account,negative
2604,I want to send money internationally,neutral
2605,Everything worked smoothly,positive
2606,The instructions were unclear,negative
2607,It took too long to verify my account,negative
2608,I want to send money internationally,neutral
2609,The instructions were unclear,negative
2610,I signed up to manage my spending,neutral
2611,Fast and simple onboarding,positive
2612,I am trying this app for the first time,neutral
2613,App froze during document upload,negative
2614,I am trying this app for the first time,neutral
2615,I want an easier way to transfer money,neutral
2616,I signed up to manage my spending,neutral
2617,I want to send money internationally,neutral
2618,It took too long to verify my account,negative
2619,I want an easier way to transfer money,neutral
2620,Everything worked smoothly,positive
2621,I signed up to manage my spending,neutral
2622,I want an easier way to transfer money,neutral
2623,I want to send money internationally,neutral
2624,The signup process was easy,positive
2625,I want to send money internationally,neutral
2626,The instructions were unclear,negative
2627,I am exploring different payment apps,neutral
2628,I had trouble linking my bank,negative
2629,I want to send money internationally,neutral
2630,I am exploring different payment apps,neutral
2631,The app was very easy to use,positive
2632,I had trouble linking my bank,negative
2633,Fast and simple onboarding,positive
2634,Fast and simple onboarding,positive
2635,I signed up to manage my spending,neutral
2636,Verification was straightforward,positive
2637,Everything worked smoothly,positive
2638,I want an easier way to transfer money,neutral
2639,I want an easier way to transfer money,neutral
2640,I want an easier way to transfer money,neutral
2641,The signup process was easy,positive
2642,I want to send money internationally,neutral
2643,I am trying this app for the first time,neutral
2644,Fast and simple onboarding,positive
2645,I am trying this app for the first time,neutral
2646,App froze during document upload,negative
2647,I am exploring different payment apps,neutral
2648,I am exploring different payment apps,neutral
2649,It took too long to verify my account,negative
2650,The instructions were unclear,negative
2651,It took too long to verify my account,negative
2652,It took too long to verify my account,negative
2653,The signup process was easy,positive
2654,I signed up to manage my spending,neutral
2655,The verification process is confusing,negative
2656,I had trouble linking my bank,negative
2657,It took too long to verify my account,negative
2658,I am trying this app for the first time,neutral
2659,Verification was straightforward,positive
2660,It took too long to verify my account,negative
2661,I want an easier way to transfer money,neutral
2662,I want an easier way to transfer money,neutral
2663,The app was very easy to use,positive
2664,I am trying this app for the first time,neutral
2665,It took too long to verify my account,negative
2666,I want an easier way to transfer money,neutral
2667,I want to send money internationally,neutral
2668,I am trying this app for the first time,neutral
2669,I am exploring different payment apps,neutral
2670,I am exploring different payment apps,neutral
2671,Verification was straightforward,positive
2672,I signed up to manage my spending,neutral
2673,I want an easier way to transfer money,neutral
2674,I want an easier way to transfer money,neutral
2675,I signed up to manage my spending,neutral
2676,Fast and simple onboarding,positive
2677,I had trouble linking my bank,negative
2678,I am trying this app for the first time,neutral
2679,It took too long to verify my account,negative
2680,Verification was straightforward,positive
2681,The signup process was easy,positive
2682,I am exploring different payment apps,neutral
2683,I want to send money internationally,neutral
2684,I want an easier way to transfer money,neutral
2685,Everything worked smoothly,positive
2686,I want an easier way to transfer money,neutral
2687,I signed up to manage my spending,neutral
2688,Verification was straightforward,positive
2689,Everything worked smoothly,positive
2690,Fast and simple onboarding,positive
2691,Verification was straightforward,positive
2692,I am exploring different payment apps,neutral
2693,I had trouble linking my bank,negative
2694,Fast and simple onboarding,positive
2695,App froze during document upload,negative
2696,Everything worked smoothly,positive
2697,The app was very easy to use,positive
2698,It took too long to verify my account,negative
2699,I want to send money internationally,neutral
2700,The verification process is confusing,negative
2701,I signed up to manage my spending,neutral
2702,I want to send money internationally,neutral
2703,I signed up to manage my spending,neutral
2704,I want an easier way to transfer money,neutral
2705,The verification process is confusing,negative
2706,The app was very easy to use,positive
2707,I signed up to manage my spending,neutral
2708,Everything worked smoothly,positive
2709,I want to send money internationally,neutral
2710,I had trouble linking my bank,negative
2711,The verification process is confusing,negative
2712,I want to send money internationally,neutral
2713,I signed up to manage my spending,neutral
2714,I want to send money internationally,neutral
2715,Fast and simple onboarding,positive
2716,It took too long to verify my account,negative
2717,The signup process was easy,positive
2718,Verification was straightforward,positive
2719,I am exploring different payment apps,neutral
2720,It took too long to verify my account,negative
2721,I am exploring different payment apps,neutral
2722,I am exploring different payment apps,neutral
2723,I am trying this app for the first time,neutral
2724,The signup process was easy,positive
2725,App froze during document upload,negative
2726,The signup process was easy,positive
2727,Verification was straightforward,positive
2728,I had trouble linking my bank,negative
2729,Fast and simple onboarding,positive
2730,I want an easier way to transfer money,neutral
2731,I am trying this app for the first time,neutral
2732,I had trouble linking my bank,negative
2733,I signed up to manage my spending,neutral
2734,I signed up to manage my spending,neutral
2735,Verification was straightforward,positive
2736,The app was very easy to use,positive
2737,Verification was straightforward,positive
2738,Everything worked smoothly,positive
2739,The verification process is confusing,negative
2740,The app was very easy to use,positive
2741,I signed up to manage my spending,neutral
2742,I am trying this app for the first time,neutral
2743,I am exploring different payment apps,neutral
2744,I signed up to manage my spending,neutral
2745,Everything worked smoothly,positive
2746,I am exploring different payment apps,neutral
2747,I am trying this app for the first time,neutral
2748,I want an easier way to transfer money,neutral
2749,The signup process was easy,positive
2750,I want an easier way to transfer money,neutral
2751,I am trying this app for the first time,neutral
2752,I had trouble linking my bank,negative
2753,Fast and simple onboarding,positive
2754,Verification was straightforward,positive
2755,I signed up to manage my spending,neutral
2756,The verification process is confusing,negative
2757,I am trying this app for the first time,neutral
2758,The verification process is confusing,negative
2759,I had trouble linking my bank,negative
2760,I am trying this app for the first time,neutral
2761,I signed up to manage my spending,neutral
2762,I am exploring different payment apps,neutral
2763,I signed up to manage my spending,neutral
2764,I want an easier way to transfer money,neutral
2765,I want to send money internationally,neutral
2766,Everything worked smoothly,positive
2767,I want an easier way to transfer money,neutral
2768,I had trouble linking my bank,negative
2769,I want an easier way to transfer money,neutral
2770,I want an easier way to transfer money,neutral
2771,I want an easier way to transfer money,neutral
2772,I want to send money internationally,neutral
2773,I signed up to manage my spending,neutral
2774,I am exploring different payment apps,neutral
2775,The verification process is confusing,negative
2776,App froze during document upload,negative
2777,I want to send money internationally,neutral
2778,Verification was straightforward,positive
2779,The verification process is confusing,negative
2780,I want to send money internationally,neutral
2781,Everything worked smoothly,positive
2782,I want to send money internationally,neutral
2783,The app was very easy to use,positive
2784,App froze during document upload,negative
2785,The instructions were unclear,negative
2786,I want to send money internationally,neutral
2787,I am exploring different payment apps,neutral
2788,The verification process is confusing,negative
2789,The verification process is confusing,negative
2790,I want an easier way to transfer money,neutral
2791,The verification process is confusing,negative
2792,Fast and simple onboarding,positive
2793,I am exploring different payment apps,neutral
2794,I am exploring different payment apps,neutral
2795,It took too long to verify my account,negative
2796,Fast and simple onboarding,positive
2797,Everything worked smoothly,positive
2798,I am exploring different payment apps,neutral
2799,The verification process is confusing,negative
2800,Verification was straightforward,positive
2801,I had trouble linking my bank,negative
2802,The signup process was easy,positive
2803,The app was very easy to use,positive
2804,I want to send money internationally,neutral
2805,I want to send money internationally,neutral
2806,Verification was straightforward,positive
2807,I want an easier way to transfer money,neutral
2808,App froze during document upload,negative
2809,I want an easier way to transfer money,neutral
2810,It took too long to verify my account,negative
2811,Verification was straightforward,positive
2812,The verification process is confusing,negative
2813,I want an easier way to transfer money,neutral
2814,I am trying this app for the first time,neutral
2815,The verification process is confusing,negative
2816,The signup process was easy,positive
2817,I want to send money internationally,neutral
2818,The instructions were unclear,negative
2819,I signed up to manage my spending,neutral
2820,I want to send money internationally,neutral
2821,I signed up to manage my spending,neutral
2822,I signed up to manage my spending,neutral
2823,I am exploring different payment apps,neutral
2824,I signed up to manage my spending,neutral
2825,I want to send money internationally,neutral
2826,I am exploring different payment apps,neutral
2827,I am exploring different payment apps,neutral
2828,I am exploring different payment apps,neutral
2829,I want to send money internationally,neutral
2830,I had trouble linking my bank,negative
2831,Verification was straightforward,positive
2832,Everything worked smoothly,positive
2833,I signed up to manage my spending,neutral
2834,Everything worked smoothly,positive
2835,App froze during document upload,negative
2836,I am trying this app for the first time,neutral
2837,Fast and simple onboarding,positive
2838,I want an easier way to transfer money,neutral
2839,I am trying this app for the first time,neutral
2840,I want to send money internationally,neutral
2841,I signed up to manage my spending,neutral
2842,Everything worked smoothly,positive
2843,I want to send money internationally,neutral
2844,Verification was straightforward,positive
2845,The instructions were unclear,negative
2846,I am exploring different payment apps,neutral
2847,The instructions were unclear,negative
2848,App froze during document upload,negative
2849,Fast and simple onboarding,positive
2850,I am exploring different payment apps,neutral
2851,I want to send money internationally,neutral
2852,I am exploring different payment apps,neutral
2853,The signup process was easy,positive
2854,I want to send money internationally,neutral
2855,I am trying this app for the first time,neutral
2856,I signed up to manage my spending,neutral
2857,Verification was straightforward,positive
2858,The signup process was easy,positive
2859,Everything worked smoothly,positive
2860,I signed up to manage my spending,neutral
2861,I want to send money internationally,neutral
2862,I want an easier way to transfer money,neutral
2863,It took too long to verify my account,negative
2864,The verification process is confusing,negative
2865,It took too long to verify my account,negative
2866,I am trying this app for the first time,neutral
2867,I am exploring different payment apps,neutral
2868,The signup process was easy,positive
2869,It took too long to verify my account,negative
2870,Everything worked smoothly,positive
2871,I had trouble linking my bank,negative
2872,I want to send money internationally,neutral
2873,I want to send money internationally,neutral
2874,I signed up to manage my spending,neutral
2875,I am trying this app for the first time,neutral
2876,The signup process was easy,positive
2877,I am trying this app for the first time,neutral
2878,Fast and simple onboarding,positive
2879,It took too long to verify my account,negative
2880,The verification process is confusing,negative
2881,I want to send money internationally,neutral
2882,I am exploring different payment apps,neutral
2883,Everything worked smoothly,positive
2884,I am trying this app for the first time,neutral
2885,I am exploring different payment apps,neutral
2886,I had trouble linking my bank,negative
2887,The verification process is confusing,negative
2888,I signed up to manage my spending,neutral
2889,I want to send money internationally,neutral
2890,The instructions were unclear,negative
2891,I want an easier way to transfer money,neutral
2892,Everything worked smoothly,positive
2893,The signup process was easy,positive
2894,Fast and simple onboarding,positive
2895,It took too long to verify my account,negative
2896,I want an easier way to transfer money,neutral
2897,I signed up to manage my spending,neutral
2898,I want an easier way to transfer money,neutral
2899,I signed up to manage my spending,neutral
2900,I am trying this app for the first time,neutral
2901,The instructions were unclear,negative
2902,I am exploring different payment apps,neutral
2903,I had trouble linking my bank,negative
2904,The instructions were unclear,negative
2905,I am trying this app for the first time,neutral
2906,I am exploring different payment apps,neutral
2907,The app was very easy to use,positive
2908,Everything worked smoothly,positive
2909,I am exploring different payment apps,neutral
2910,App froze during document upload,negative
2911,I am exploring different payment apps,neutral
2912,It took too long to verify my account,negative
2913,I am exploring different payment apps,neutral
2914,I signed up to manage my spending,neutral
2915,I want to send money internationally,neutral
2916,I want to send money internationally,neutral
2917,Everything worked smoothly,positive
2918,I want an easier way to transfer money,neutral
2919,I want an easier way to transfer money,neutral
2920,Verification was straightforward,positive
2921,Verification was straightforward,positive
2922,It took too long to verify my account,negative
2923,Fast and simple onboarding,positive
2924,I want to send money internationally,neutral
2925,I want an easier way to transfer money,neutral
2926,I want an easier way to transfer money,neutral
2927,Everything worked smoothly,positive
2928,I want an easier way to transfer money,neutral
2929,I am exploring different payment apps,neutral
2930,The app was very easy to use,positive
2931,It took too long to verify my account,negative
2932,The signup process was easy,positive
2933,The verification process is confusing,negative
2934,I want an easier way to transfer money,neutral
2935,I am trying this app for the first time,neutral
2936,I want to send money internationally,neutral
2937,I am exploring different payment apps,neutral
2938,I had trouble linking my bank,negative
2939,Fast and simple onboarding,positive
2940,The instructions were unclear,negative
2941,I signed up to manage my spending,neutral
2942,App froze during document upload,negative
2943,I am trying this app for the first time,neutral
2944,I signed up to manage my spending,neutral
2945,I am exploring different payment apps,neutral
2946,I want an easier way to transfer money,neutral
2947,I signed up to manage my spending,neutral
2948,I signed up to manage my spending,neutral
2949,I am trying this app for the first time,neutral
2950,App froze during document upload,negative
2951,Fast and simple onboarding,positive
2952,The verification process is confusing,negative
2953,App froze during document upload,negative
2954,I am exploring different payment apps,neutral
2955,It took too long to verify my account,negative
2956,I had trouble linking my bank,negative
2957,I want to send money internationally,neutral
2958,Fast and simple onboarding,positive
2959,I had trouble linking my bank,negative
2960,I am trying this app for the first time,neutral
2961,Fast and simple onboarding,positive
2962,It took too long to verify my account,negative
2963,I signed up to manage my spending,neutral
2964,I want an easier way to transfer money,neutral
2965,The signup process was easy,positive
2966,App froze during document upload,negative
2967,I want an easier way to transfer money,neutral
2968,It took too long to verify my account,negative
2969,Verification was straightforward,positive
2970,I am exploring different payment apps,neutral
2971,I am exploring different payment apps,neutral
2972,I want to send money internationally,neutral
2973,The app was very easy to use,positive
2974,I want to send money internationally,neutral
2975,I want an easier way to transfer money,neutral
2976,The instructions were unclear,negative
2977,App froze during document upload,negative
2978,Verification was straightforward,positive
2979,The app was very easy to use,positive
2980,I want an easier way to transfer money,neutral
2981,Verification was straightforward,positive
2982,Fast and simple onboarding,positive
2983,Verification was straightforward,positive
2984,I am trying this app for the first time,neutral
2985,I want an easier way to transfer money,neutral
2986,I signed up to manage my spending,neutral
2987,I want an easier way to transfer money,neutral
2988,Fast and simple onboarding,positive
2989,I am trying this app for the first time,neutral
2990,I am trying this app for the first time,neutral
2991,Fast and simple onboarding,positive
2992,It took too long to verify my account,negative
2993,I am trying this app for the first time,neutral
2994,I am trying this app for the first time,neutral
2995,The verification process is confusing,negative
2996,I am trying this app for the first time,neutral
2997,The signup process was easy,positive
2998,I want to send money internationally,neutral
2999,Everything worked smoothly,positive
3000,The signup process was easy,positive
